id,niche,serp_weakness,kd,volume,aio_resistance,ad_value,content_leverage,personal_edge,longevity,total,dq,top_ranking_domains,notes
C1,"Ingredient-specific cooking converters (cups to grams per ingredient)",3,3,5,1,1,5,1,4,23,none,"inchcalculator.com; omnicalculator.com; thecalculatorsite.com; bakeprofit.com; chefsolver.com; cookconvertapp.com; cups2grams.com; gramstocup.com; coolconversion.com; howmany.wiki; traditionaloven.com","SERP is a swarm of near-identical programmatic converter sites (5-8 per query) plus calculator farms; even spam (stripe.jhu.edu) ranks. Huge volume but one-line AI answer (1 cup flour = 125 g) fully satisfies; food CPC is very low. Late entrant would be the 9th clone."
C2,"Strength-training calculators (1RM, plate loading, RPE, volume landmarks, Wilks)",2,2,4,3,2,4,5,4,26,"borderline: keep to math/tools, no programming or health advice","strengthlevel.com; barbellmedicine.com; nasm.org; calculator.net; omnicalculator.com; builtwithscience.com; exrx.net; rpstrength.com; fitnessvolt.com; app stores","Head terms (1rm, wilks, plate) owned by strengthlevel/omni/calculator.net/NASM + app-store listings. Only the volume-landmark cluster shows weak SERPs (8 tiny tool sites). rpe chart SERP is polluted by retinal-pigment-epithelium results. Strong personal edge but crowded head."
C3,"Board-game / TCG rules FAQ (one page per misunderstood rule)",4,3,4,1,1,2,1,4,20,none,"ultraboardgames.com; officialgamerules.org; stonemaiergames.com; fandom.com; hasbro.com; quora.com; steamcommunity.com; substack.com; fjord-labs.com; unoreverse.com; levelman.com","Genuinely weak SERPs: substacks, Steam forums, Quora, one-page microsites (fjord-labs, unoreverse.com) rank top-5. But every query is a yes/no answer AI Overview already gives, CPC near zero, and each page is bespoke. Weak-SERP trap."
C4,"Appliance error-code lookup by brand (washer/dishwasher/dryer/oven)",4,3,5,2,4,5,0,5,28,none,"samsung.com; lg.com; bosch-home.com; whirlpool.com; ifixit.com; partselect.com; justanswer.com; facebook.com groups; youtube.com; local repair shops (hoffmannbros, easybear, atoz1); doityourself.com forum; quora.com","Brand support page usually #1 then a mess: JustAnswer (3 slots for GE E8), Facebook group posts, TikTok, Quora, local repair-shop blogs. brand x code x appliance is a natural 500+ page template; repair/parts CPC is $2-5. Risk: accuracy (codes vary by model) and brand support pages plus AI Overview take the easy cases."
C5,"Bike & car fitment calculators (gear ratio, tire size, gear inches, chain length, tire pressure)",3,3,4,4,3,4,1,4,26,none,"sheldonbrown.com; rivbike.com; bikecalc.com; gear-calculator.com; bikeschool.com; bikegearratio.com; roadmancycling.com; tacomaworld.com; tiresize.com; 1010tires.com; calculator.net; omnicalculator.com; parktool.com; bikeforums.net; silca.cc; vittoria.com; enve.com","Bike gear SERPs are old (Sheldon Brown, machinehead 2000s-era JS, cycle-club pages) and a brand-new bikegearratio.com already ranks - proof small sites get in. Car tire size is owned by forums/retailers/calculator.net. Tire pressure owned by component brands (SILCA, Vittoria, ENVE). Gear-inches/development/cadence-speed tables are a good programmatic target."
C6,"Knitting/crochet/sewing calculators (yardage, gauge, blanket, fabric, increases)",4,4,3,4,2,4,0,4,25,none,"theloopylamb.com; joyofmotioncrochet.com; bhookedcrochet.com; craftyintentions.com; darngoodyarn.com; crochify-patterns.com; easycrochet.com; jimmybeanswool.com; gaugeguru.app; yarnsub.com; garnstudio.com; omnicalculator.com; sailrite.com; etsy.com; walmart.com; ebay.de","Lowest-authority SERPs of the set: craft blogs and one-person tools; Etsy/Walmart/eBay listings rank for 'knitting gauge calculator' (mis-intent = gap). Only omni touches it (fabric). Downside: modest volume, low CPC, zero personal edge, and dozens of existing calculators already satisfy users."
C7,"Garden calculators & lookups (frost dates by ZIP, soil volume, spacing, seed dates, mulch)",3,3,5,3,3,5,0,4,26,none,"almanac.com; davesgarden.com; garden.org; morningchores.com; ourgardenworks.com; plantingzonesbyzipcode.com; frostdatesbyzipcode.com; gardeners.com; vegogarden.com; eartheasy.com; soilcalculator.com; johnnyseeds.com; groworganic.com; sowrightseeds.com; calculator.net; calculatorsoup.com; local garden centers","Almanac owns frost-date head term but three tiny exact-match programmatic sites (ourgardenworks, plantingzonesbyzipcode, frostdatesbyzipcode.com) rank page 1 - strongest programmatic-entry signal in the set. Mulch/soil are calculator-farm plus local garden centers. NOAA normals are free data. Seasonal spikes."
C8,"DIY material calculators (tile, drywall, concrete, paint, deck)",1,1,5,4,5,4,0,5,25,none,"calculator.net; omnicalculator.com; quikrete.com; sakrete.com; cemex; sherwin-williams.com; benjaminmoore.com; behr.com; lowes.com; acehardware.com; usg.com; nationalgypsum.com; certainteed.com; buildgp.com; houzz.com; trex.com; timbertech.com; decks.com","Best CPC and volume of the set but SERPs are owned by manufacturers (Quikrete, Sherwin, USG, Trex), big-box (Lowe's, Ace), Houzz and calculator.net/omni. Zero weak signals on paint/concrete/drywall. A generic site has no route in; only ultra-long-tail (e.g. 'herringbone tile waste') is open."
C9,"Photography calculators (DoF, hyperfocal, EV, print size, ND filter)",3,3,4,4,3,4,2,3,26,none,"photopills.com; dofmaster.com; cambridgeincolour.com; scantips.com; omnicalculator.com; commonlands.com; nikonians.org; bhphotovideo.com; diyphotography.net; petapixel.com; canonrumors.com; miniwebtool.com; toolstud.io; calculator.academy; camerasettings.com; dailyphototips.com; app stores","Many top results are 10-20 year old pages (dofmaster, scantips, machinehead-style JS) or off-niche junk (ultimatefinancecalculator ranking for print size). omni present on every query but not dominant; PhotoPills is the real incumbent. Interactive DoF visualizer/sensor x lens tables are AI-proof. Photography search interest is flat-to-declining."
